{
  "eval_loss": 0.0220428965985775,
  "eval_mse": 0.1515529900789261,
  "eval_r2": 0.38971805572509766,
  "eval_mae": 0.3655073642730713,
  "eval_precision": 0.9804469273743017,
  "eval_recall": 1.0,
  "eval_f1": 0.9901269393511989,
  "eval_auc": 0.9996653855714258,
  "eval_runtime": 18.8356,
  "eval_samples_per_second": 34.456,
  "eval_steps_per_second": 17.255,
  "epoch": 5.0
}