fold,eval_loss,eval_mse,eval_r2,eval_mae,eval_precision,eval_recall,eval_f1,eval_auc,eval_runtime,eval_samples_per_second,eval_steps_per_second,epoch
1,0.0220428965985775,0.1515529900789261,0.38971805572509766,0.3655073642730713,0.9804469273743017,1.0,0.9901269393511989,0.9996653855714258,18.8356,34.456,17.255,5.0
2,0.005529372487217188,0.1565234661102295,0.37378573417663574,0.3774316608905792,0.996875,0.996875,0.996875,0.9999715045592705,18.9325,34.28,17.166,5.0
3,0.005873185582458973,0.1609509140253067,0.3559754490852356,0.38199907541275024,0.9906542056074766,1.0,0.9953051643192489,0.999618829807509,18.9278,34.235,17.118,5.0
4,0.01840870827436447,0.16096815466880798,0.35551345348358154,0.38040441274642944,0.978125,0.9968152866242038,0.9873817034700315,0.9997520881803272,19.0818,33.959,16.98,5.0
5,0.013195783831179142,0.16334854066371918,0.34638160467147827,0.3841744065284729,0.9784615384615385,1.0,0.9891135303265941,0.9990756622832094,19.0769,33.968,16.984,5.0
mean,0.013009989354759454,0.1586688131093979,0.36427485942840576,0.37790338397026063,0.9849125342886633,0.9987380573248409,0.9917604674934146,0.9996166940803484,18.97092,34.17960000000001,17.100600000000004,5.0
std,0.006597995083948911,0.004186460493728084,0.015515308493479233,0.00657631179695617,0.007532529315218682,0.00154567316784856,0.003676182347952242,0.00029641621629435155,0.09505058442745093,0.19130352845674276,0.10635713422239165,0.0
